frame,action_gt_num
1,0
3,0
5,0
7,0
9,0
11,0
13,0
15,0
17,0
19,0
21,0
23,0
25,0
27,0
29,0
31,0
33,0
35,0
37,0
39,0
41,0
43,0
45,0
47,0
49,0
51,0
53,0
55,0
57,0
59,0
61,0
63,0
65,0
67,0
69,0
71,0
73,0
75,0
77,0
79,0
81,0
83,0
85,0
87,0
89,0
91,0
93,0
95,0
97,0
99,0
101,0
103,0
105,0
107,0
109,0
111,0
113,0
115,0
117,0
119,0
121,0
123,0
125,0
127,0
129,0
131,0
133,0
135,0
137,0
139,0
141,0
143,0
145,0
147,0
149,0
151,0
153,0
155,0
157,0
159,0
161,0
163,0
165,0
167,0
169,0
171,0
173,0
175,0
177,0
179,0
181,0
183,0
185,0
187,0
189,0
191,0
193,0
195,0
197,0
199,0
201,0
203,0
205,0
207,0
209,0
211,0
213,0
215,0
217,0
219,0
221,0
223,0
225,0
227,0
229,0
231,0
233,0
235,0
237,0
239,0
241,0
243,0
245,0
247,0
249,0
251,0
253,0
255,0
257,0
259,0
261,0
263,0
265,0
267,0
269,0
271,0
273,0
275,0
277,0
279,0
281,0
283,0
285,0
287,0
289,0
291,0
293,0
295,0
297,0
299,0
301,0
303,0
305,0
307,0
309,0
311,0
313,0
315,0
317,0
319,0
321,0
323,0
325,0
327,0
329,0
331,0
333,0
335,0
337,0
339,0
341,0
343,0
345,0
347,0
349,0
351,0
353,0
355,0
357,0
359,0
361,0
363,0
365,0
367,0
369,0
371,0
373,0
375,0
377,0
379,0
381,0
383,0
385,0
387,0
389,0
391,0
393,0
395,0
397,0
399,0
401,0
403,4
405,4
407,4
409,4
411,4
413,4
415,4
417,4
419,4
421,4
423,4
425,4
427,4
429,4
431,4
433,4
435,4
437,4
439,4
441,4
443,4
445,4
447,4
449,4
451,4
453,4
455,0
457,0
459,0
461,0
463,0
465,0
467,0
469,0
471,0
473,0
475,0
477,0
479,0
481,0
483,0
485,0
487,0
489,0
491,0
493,0
495,0
497,0
499,0
501,0
503,0
505,0
507,0
509,0
511,0
513,0
515,0
517,0
519,0
521,0
523,0
525,0
527,0
529,0
531,0
533,0
535,0
537,0
539,0
541,0
543,0
545,0
547,0
549,0
551,0
553,0
555,0
557,0
559,0
561,0
563,0
565,0
567,0
569,0
571,0
573,0
575,0
577,0
579,0
581,0
583,0
585,0
587,0
589,0
591,0
593,0
595,0
597,0
599,0
601,0
603,0
605,0
607,0
609,0
611,0
613,0
615,0
617,0
619,0
621,0
623,0
625,0
627,0
629,0
631,0
633,0
635,0
637,0
639,0
641,0
643,0
645,0
647,0
649,0
651,0
653,0
655,0
657,0
659,0
661,0
663,0
665,0
667,0
669,0
671,4
673,4
675,4
677,4
679,4
681,4
683,4
685,4
687,4
689,4
691,4
693,4
695,4
697,4
699,4
701,4
703,4
705,4
707,4
709,4
711,4
713,4
715,4
717,4
719,4
721,4
723,0
725,0
727,0
729,0
731,0
733,0
735,0
737,0
739,0
741,0
743,0
745,0
747,0
749,0
751,0
753,0
755,0
757,0
759,0
761,0
763,0
765,0
767,0
769,0
771,0
773,0
775,0
777,0
779,0
781,0
783,0
785,0
787,0
789,0
791,0
793,0
795,0
797,0
799,0
801,0
803,0
805,0
807,0
809,0
811,0
813,0
815,0
817,0
819,0
821,4
823,4
825,4
827,4
829,4
831,4
833,4
835,4
837,4
839,4
841,4
843,4
845,4
847,4
849,4
851,4
853,4
855,4
857,4
859,4
861,4
863,4
865,4
867,4
869,4
871,4
873,0
875,0
877,0
879,0
881,0
883,0
885,0
887,0
889,0
891,0
893,0
895,0
897,0
899,0
901,0
903,0
905,0
907,0
909,0
911,0
913,0
915,0
917,0
919,0
921,0
923,0
925,0
927,0
929,0
931,0
933,4
935,4
937,4
939,4
941,4
943,4
945,4
947,4
949,4
951,4
953,4
955,4
957,4
959,4
961,4
963,4
965,4
967,4
969,4
971,4
973,4
975,4
977,4
979,4
981,4
983,4
985,0
987,0
989,0
991,0
993,0
995,0
997,0
999,0
1001,0
1003,0
1005,0
1007,0
1009,0
1011,0
1013,0
1015,0
1017,0
1019,0
1021,0
1023,0
1025,0
1027,0
1029,0
1031,0
1033,0
1035,0
1037,0
1039,0
1041,0
1043,0
1045,0
1047,0
1049,0
1051,4
1053,4
1055,4
1057,4
1059,4
1061,4
1063,4
1065,4
1067,4
1069,4
1071,4
1073,4
1075,4
1077,4
1079,4
1081,4
1083,4
1085,4
1087,4
1089,4
1091,4
1093,4
1095,4
1097,4
1099,4
1101,4
1103,0
1105,0
1107,0
1109,0
1111,0
1113,0
1115,0
1117,0
1119,0
1121,0
1123,0
1125,0
1127,0
1129,0
1131,0
1133,0
1135,0
1137,0
1139,0
1141,0
1143,0
1145,0
1147,0
1149,4
1151,4
1153,4
1155,4
1157,4
1159,4
1161,4
1163,4
1165,4
1167,4
1169,4
1171,4
1173,4
1175,4
1177,4
1179,4
1181,4
1183,4
1185,4
1187,4
1189,4
1191,4
1193,4
1195,4
1197,4
1199,4
1201,0
1203,0
1205,0
1207,0
1209,0
1211,0
1213,0
1215,0
1217,0
1219,0
1221,0
1223,0
1225,0
1227,0
1229,0
1231,0
1233,0
1235,0
1237,0
1239,0
1241,4
1243,4
1245,4
1247,4
1249,4
1251,4
1253,4
1255,4
1257,4
1259,4
1261,4
1263,4
1265,4
1267,4
1269,4
1271,4
1273,4
1275,4
1277,4
1279,4
1281,4
1283,4
1285,4
1287,4
1289,4
1291,4
1293,0
1295,0
1297,0
1299,0
1301,0
1303,0
1305,0
1307,0
1309,0
1311,0
1313,0
1315,0
1317,0
1319,0
1321,0
1323,0
1325,0
1327,0
1329,0
1331,0
1333,0
1335,0
1337,0
1339,0
1341,0
1343,0
1345,0
1347,0
1349,0
1351,0
1353,0
1355,0
1357,0
1359,0
1361,0
1363,0
1365,0
1367,0
1369,0
1371,0
1373,0
1375,4
1377,4
1379,4
1381,4
1383,4
1385,4
1387,4
1389,4
1391,4
1393,4
1395,4
1397,4
1399,4
1401,4
1403,4
1405,4
1407,4
1409,4
1411,4
1413,4
1415,4
1417,4
1419,4
1421,4
1423,4
1425,4
1427,0
1429,0
1431,0
1433,0
1435,0
1437,0
1439,0
1441,0
1443,0
1445,0
1447,0
1449,0
1451,0
1453,0
1455,0
1457,0
1459,0
1461,0
1463,0
1465,0
1467,0
1469,0
1471,0
1473,0
1475,0
1477,0
1479,0
1481,0
1483,0
1485,0
1487,0
1489,0
1491,0
1493,4
1495,4
1497,4
1499,4
1501,4
1503,4
1505,4
1507,4
1509,4
1511,4
1513,4
1515,4
1517,4
1519,4
1521,4
1523,4
1525,4
1527,4
1529,4
1531,4
1533,4
1535,4
1537,4
1539,4
1541,4
1543,4
1545,0
1547,0
1549,0
1551,0
1553,0
1555,0
1557,0
1559,0
1561,0
1563,0
1565,0
1567,0
1569,0
1571,0
1573,0
1575,0
1577,0
1579,0
1581,0
1583,0
1585,0
1587,0
1589,0
1591,0
1593,0
1595,0
1597,0
1599,0
1601,0
1603,0
1605,0
1607,0
1609,4
1611,4
1613,4
1615,4
1617,4
1619,4
1621,4
1623,4
1625,4
1627,4
1629,4
1631,4
1633,4
1635,4
1637,4
1639,4
1641,4
1643,4
1645,4
1647,4
1649,4
1651,4
1653,4
1655,4
1657,4
1659,4
1661,0
1663,0
1665,0
1667,0
1669,0
1671,0
1673,0
1675,0
1677,0
1679,0
1681,0
1683,0
1685,0
1687,0
1689,0
1691,0
1693,0
1695,0
1697,0
1699,0
1701,0
1703,0
1705,0
1707,0
1709,0
1711,0
1713,0
1715,0
1717,0
1719,0
1721,0
1723,0
1725,0
1727,0
1729,0
1731,0
1733,0
1735,0
1737,0
1739,0
1741,0
1743,0
1745,0
1747,0
1749,0
1751,0
1753,0
1755,0
1757,0
1759,0
1761,0
1763,0
1765,0
1767,0
1769,0
1771,0
1773,0
1775,0
1777,0
1779,0
1781,0
1783,0
1785,0
1787,0
1789,0
1791,0
1793,0
1795,0
1797,0
1799,0
1801,0
1803,0
1805,0
1807,0
1809,0
1811,0
1813,0
1815,0
1817,0
1819,0
1821,0
1823,0
1825,0
1827,0
1829,0
1831,0
1833,0
1835,0
1837,0
1839,0
1841,0
1843,0
1845,0
1847,0
1849,0
1851,0
1853,0
1855,0
1857,0
1859,0
1861,0
1863,0
1865,0
1867,0
1869,0
1871,0
1873,0
1875,0
1877,0
1879,0
1881,0
1883,0
1885,0
1887,0
1889,0
1891,0
1893,0
1895,0
1897,0
1899,0
1901,0
1903,0
1905,0
1907,0
1909,0
1911,0
1913,0
1915,0
1917,0
1919,0
1921,4
1923,4
1925,4
1927,4
1929,4
1931,4
1933,4
1935,4
1937,4
1939,4
1941,4
1943,4
1945,4
1947,4
1949,4
1951,4
1953,4
1955,4
1957,4
1959,4
1961,4
1963,4
1965,4
1967,4
1969,4
1971,4
1973,0
1975,0
1977,0
1979,0
1981,0
1983,0
1985,0
1987,0
1989,0
1991,0
1993,0
1995,0
1997,0
1999,0
2001,0
2003,0
2005,0
2007,0
2009,0
2011,0
2013,0
2015,0
2017,0
2019,0
2021,0
2023,0
2025,0
2027,0
2029,0
2031,0
2033,0
2035,0
2037,0
2039,0
2041,0
2043,0
2045,0
2047,0
2049,0
2051,0
2053,0
2055,0
2057,0
2059,0
2061,0
2063,0
2065,0
2067,0
2069,0
2071,0
2073,0
2075,0
2077,0
2079,0
2081,0
2083,0
2085,0
2087,0
2089,0
2091,0
2093,0
2095,0
2097,0
2099,0
2101,0
2103,0
2105,0
2107,0
2109,0
2111,0
2113,0
2115,0
2117,0
2119,0
2121,0
2123,0
2125,0
2127,0
2129,0
2131,0
2133,0
2135,0
2137,0
2139,0
2141,0
2143,0
2145,0
2147,0
2149,0
2151,0
2153,0
2155,0
2157,0
2159,0
2161,0
2163,0
2165,0
2167,0
2169,0
2171,0
2173,0
2175,0
2177,0
2179,0
2181,0
2183,0
2185,0
2187,0
2189,0
2191,0
2193,0
2195,0
2197,0
2199,0
2201,0
2203,0
2205,0
2207,0
2209,0
2211,0
2213,0
2215,0
2217,0
2219,0
2221,0
2223,0
2225,0
2227,0
2229,0
2231,0
2233,0
2235,0
2237,0
2239,0
2241,0
2243,0
2245,0
2247,0
2249,0
2251,0
2253,0
2255,0
2257,0
2259,0
2261,0
2263,0
2265,0
2267,0
2269,0
2271,0
2273,0
2275,0
2277,0
2279,0
2281,0
2283,0
2285,0
2287,0
2289,0
2291,0
2293,0
2295,0
2297,0
2299,0
2301,0
2303,0
2305,0
2307,0
2309,0
2311,0
2313,0
2315,0
2317,0
2319,0
2321,0
2323,0
2325,0
2327,0
2329,0
2331,0
2333,0
2335,0
2337,0
2339,0
2341,0
2343,0
2345,0
2347,0
2349,0
2351,0
2353,0
2355,0
2357,0
2359,0
2361,0
2363,0
2365,0
2367,0
2369,0
2371,0
2373,0
2375,0
2377,0
2379,0
2381,0
2383,0
2385,0
2387,0
2389,0
2391,0
2393,0
2395,0
2397,0
2399,0
2401,0
2403,0
2405,0
2407,0
2409,0
2411,0
2413,0
2415,0
2417,0
2419,0
2421,0
2423,0
2425,0
2427,0
2429,0
2431,0
2433,0
2435,0
2437,0
2439,0
2441,0
2443,0
2445,0
2447,0
2449,0
2451,0
2453,0
2455,0
2457,0
2459,0
2461,0
2463,0
2465,0
2467,0
2469,0
2471,0
2473,0
2475,0
2477,0
2479,0
2481,0
2483,0
2485,0
2487,0
2489,0
2491,0
2493,0
2495,0
2497,0
2499,0
2501,0
2503,0
2505,0
2507,0
2509,0
2511,0
2513,0
2515,0
2517,0
2519,0
2521,0
2523,0
2525,0
2527,0
2529,0
2531,0
2533,0
2535,0
2537,0
2539,0
2541,0
2543,0
2545,0
2547,0
2549,0
2551,0
2553,0
2555,0
2557,0
2559,0
2561,0
2563,0
2565,0
2567,0
2569,0
2571,0
2573,0
2575,0
2577,0
2579,0
2581,0
2583,0
2585,0
2587,0
2589,0
2591,0
2593,0
2595,0
2597,0
2599,0
2601,0
2603,0
2605,0
2607,0
2609,0
2611,0
2613,0
2615,0
2617,0
2619,0
2621,0
2623,0
2625,0
2627,0
2629,0
2631,0
2633,0
2635,0
2637,0
2639,0
2641,0
2643,0
2645,0
2647,0
2649,0
2651,0
2653,0
2655,0
2657,0
2659,0
2661,0
2663,0
2665,0
2667,0
2669,0
2671,0
2673,0
2675,0
2677,0
2679,0
2681,0
2683,0
2685,0
2687,0
2689,0
2691,0
2693,0
2695,0
2697,0
2699,0
2701,0
2703,0
2705,0
2707,0
2709,0
2711,0
2713,0
2715,0
2717,0
2719,0
2721,0
2723,0
2725,0
2727,0
2729,0
2731,0
2733,0
2735,0
2737,0
2739,0
2741,0
2743,0
2745,0
2747,0
2749,0
2751,0
2753,0
2755,0
2757,0
2759,0
2761,0
2763,0
2765,0
2767,0
2769,0
2771,0
2773,0
2775,0
2777,0
2779,0
2781,0
2783,0
2785,0
2787,0
2789,0
2791,0
2793,0
2795,0
2797,0
2799,0
2801,0
2803,0
2805,0
2807,0
2809,0
2811,0
2813,0
2815,0
2817,0
2819,0
2821,0
2823,0
2825,0
2827,0
2829,0
2831,0
2833,0
2835,0
2837,0
2839,0
2841,0
2843,0
2845,0
2847,0
2849,0
2851,0
2853,0
2855,0
2857,0
2859,0
2861,0
2863,0
2865,0
2867,0
2869,0
2871,0
2873,0
2875,0
2877,0
2879,0
2881,0
2883,0
2885,0
2887,0
2889,0
2891,0
2893,0
2895,0
2897,0
2899,0
2901,0
2903,0
2905,0
2907,0
2909,0
2911,0
2913,0
2915,0
2917,0
2919,0
2921,0
2923,0
2925,0
2927,0
2929,0
2931,0
2933,0
2935,0
2937,0
2939,0
2941,0
2943,0
2945,0
2947,0
2949,0
2951,0
2953,0
2955,0
2957,0
2959,0
2961,0
2963,0
2965,0
2967,0
2969,0
2971,0
2973,0
2975,0
2977,0
2979,0
2981,0
2983,0
2985,0
2987,0
2989,0
2991,0
2993,0
2995,0
2997,0
2999,0
3001,0
3003,0
3005,0
3007,0
3009,0
3011,0
3013,0
3015,0
3017,0
3019,0
3021,0
3023,0
3025,0
3027,0
3029,0
3031,0
3033,0
3035,0
3037,0
3039,0
3041,0
3043,0
3045,0
3047,0
3049,0
3051,0
3053,0
3055,0
3057,0
3059,0
3061,0
3063,0
3065,0
3067,0
3069,0
3071,0
3073,0
3075,0
3077,0
3079,0
3081,0
3083,0
3085,0
3087,0
3089,0
3091,0
3093,0
3095,0
3097,0
3099,0
3101,0
3103,0
3105,0
3107,0
3109,0
3111,0
3113,0
3115,0
3117,0
3119,0
3121,0
3123,0
3125,0
3127,0
3129,0
3131,0
3133,0
3135,0
3137,0
3139,0
3141,0
3143,0
3145,0
3147,0
3149,0
3151,0
3153,0
3155,0
3157,0
3159,0
3161,0
3163,0
3165,0
3167,0
3169,0
3171,0
3173,0
3175,0
3177,0
3179,0
3181,0
3183,0
3185,0
3187,0
3189,0
3191,0
3193,0
3195,0
3197,0
3199,0
3201,0
3203,0
3205,0
3207,0
3209,0
3211,0
3213,0
3215,0
3217,0
3219,0
3221,0
3223,0
3225,0
3227,0
3229,0
3231,0
3233,0
3235,0
3237,0
3239,0
3241,0
3243,0
3245,0
3247,0
3249,0
3251,0
3253,0
3255,0
3257,0
3259,0
3261,0
3263,0
3265,0
3267,0
3269,0
3271,0
3273,0
3275,0
3277,0
3279,0
3281,0
3283,0
3285,0
3287,0
3289,0
3291,0
3293,0
3295,0
3297,0
3299,0
3301,0
3303,0
3305,0
3307,0
3309,0
3311,0
3313,0
3315,0
3317,0
3319,0
3321,0
3323,0
3325,0
3327,0
3329,0
3331,0
3333,0
3335,0
3337,0
3339,0
3341,0
3343,0
3345,0
3347,0
3349,0
3351,0
3353,0
3355,0
3357,0
3359,0
3361,0
3363,0
3365,0
3367,0
3369,0
3371,0
3373,0
3375,0
3377,0
3379,0
3381,0
3383,0
3385,0
3387,0
3389,0
3391,0
3393,0
3395,0
3397,0
3399,0
3401,0
3403,0
3405,0
3407,0
3409,0
3411,0
3413,0
3415,0
3417,0
3419,0
3421,0
3423,0
3425,0
3427,0
3429,0
3431,0
3433,0
3435,0
3437,0
3439,0
3441,0
3443,0
3445,0
3447,0
3449,0
3451,0
3453,0
3455,0
3457,0
3459,0
3461,0
3463,0
3465,0
3467,0
3469,0
3471,0
3473,0
3475,0
3477,0
3479,0
3481,0
3483,0
3485,0
3487,0
3489,0
3491,0
3493,0
3495,0
3497,0
3499,0
3501,0
3503,0
3505,0
3507,0
3509,0
3511,0
3513,0
3515,0
3517,0
3519,0
3521,0
3523,0
3525,0
3527,0
3529,0
3531,0
3533,0
3535,0
3537,0
3539,0
3541,0
3543,0
3545,0
3547,0
3549,0
3551,0
3553,0
3555,0
3557,0
3559,0
3561,0
3563,0
3565,0
3567,0
3569,0
3571,0
3573,0
3575,0
3577,0
3579,0
3581,0
3583,0
3585,0
3587,0
3589,0
3591,0
3593,0
3595,0
3597,0
3599,0
3601,0
3603,0
3605,0
3607,0
3609,0
3611,0
3613,0
3615,0
3617,0
3619,0
3621,0
3623,0
3625,0
3627,0
3629,0
3631,0
3633,0
3635,0
3637,0
3639,0
3641,0
3643,0
3645,0
3647,0
3649,0
3651,0
3653,0
3655,0
3657,0
3659,0
3661,0
3663,0
3665,0
3667,0
3669,0
3671,0
3673,0
3675,0
3677,0
3679,0
3681,0
3683,0
3685,0
3687,0
3689,0
3691,0
3693,0
3695,0
3697,0
3699,0
3701,0
3703,0
3705,0
3707,0
3709,0
3711,0
3713,0
3715,0
3717,0
3719,0
3721,0
3723,0
3725,0
3727,0
3729,0
3731,0
3733,0
3735,0
3737,0
3739,0
3741,0
3743,0
3745,0
3747,0
3749,0
3751,0
3753,0
3755,0
3757,0
3759,0
3761,0
3763,0
3765,0
3767,0
3769,0
3771,0
3773,0
3775,0
3777,0
3779,0
3781,0
3783,0
3785,0
3787,0
3789,0
3791,0
3793,0
3795,0
3797,0
3799,0
3801,0
3803,0
3805,0
3807,0
3809,0
3811,0
3813,0
3815,0
3817,0
3819,0
3821,0
3823,0
3825,0
3827,0
3829,0
3831,0
3833,0
3835,0
3837,0
3839,0
3841,0
3843,0
3845,0
3847,0
3849,0
3851,0
3853,0
3855,0
3857,0
3859,0
3861,0
3863,0
3865,0
3867,0
3869,0
3871,0
3873,0
3875,0
3877,0
3879,0
3881,0
3883,0
3885,0
3887,0
3889,0
3891,0
3893,0
3895,0
3897,0
3899,0
3901,0
3903,0
3905,0
3907,0
3909,0
3911,0
3913,0
3915,0
3917,0
3919,0
3921,0
3923,0
3925,0
3927,0
3929,0
3931,0
3933,0
3935,0
3937,0
3939,0
3941,0
3943,0
3945,0
3947,0
3949,0
3951,0
3953,0
3955,0
3957,0
3959,0
3961,0
3963,0
3965,0
3967,0
3969,0
3971,0
3973,0
3975,0
3977,0
3979,0
3981,0
3983,0
3985,0
3987,0
3989,0
3991,0
3993,0
3995,0
3997,0
3999,0
4001,0
4003,0
4005,0
4007,0
4009,0
4011,0
4013,0
4015,0
4017,0
4019,0
4021,0
4023,0
4025,4
4027,4
4029,4
4031,4
4033,4
4035,4
4037,4
4039,4
4041,4
4043,4
4045,4
4047,4
4049,4
4051,4
4053,4
4055,4
4057,4
4059,4
4061,4
4063,4
4065,4
4067,4
4069,4
4071,4
4073,4
4075,4
4077,0
4079,0
4081,0
4083,0
4085,0
4087,0
4089,0
4091,0
4093,0
4095,0
4097,0
4099,0
4101,0
4103,0
4105,0
4107,0
4109,0
4111,0
4113,0
4115,0
4117,0
4119,0
4121,0
4123,0
4125,0
4127,0
4129,0
4131,0
4133,0
4135,0
4137,0
4139,0
4141,0
4143,0
4145,0
4147,0
4149,4
4151,4
4153,4
4155,4
4157,4
4159,4
4161,4
4163,4
4165,4
4167,4
4169,4
4171,4
4173,4
4175,4
4177,4
4179,4
4181,4
4183,4
4185,4
4187,4
4189,4
4191,4
4193,4
4195,4
4197,4
4199,4
4201,0
4203,0
4205,0
4207,0
4209,0
4211,0
4213,0
4215,0
4217,0
4219,0
4221,0
4223,0
4225,0
4227,0
4229,0
4231,0
4233,0
4235,0
4237,0
4239,0
4241,0
4243,0
4245,0
4247,0
4249,0
4251,0
4253,0
4255,0
4257,0
4259,0
4261,0
4263,0
4265,0
4267,0
4269,0
4271,0
4273,0
4275,0
4277,0
4279,0
4281,0
4283,0
4285,0
4287,0
4289,4
4291,4
4293,4
4295,4
4297,4
4299,4
4301,4
4303,4
4305,4
4307,4
4309,4
4311,4
4313,4
4315,4
4317,4
4319,4
4321,4
4323,4
4325,4
4327,4
4329,4
4331,4
4333,4
4335,4
4337,4
4339,4
4341,0
4343,0
4345,0
4347,0
4349,0
4351,0
4353,0
4355,0
4357,0
4359,0
4361,0
4363,0
4365,0
4367,0
4369,0
4371,0
4373,0
4375,0
4377,0
4379,0
4381,0
4383,0
4385,0
4387,0
4389,0
4391,0
4393,0
4395,0
4397,0
4399,0
4401,0
4403,0
4405,0
4407,0
4409,0
4411,0
4413,0
4415,0
4417,0
4419,0
4421,0
4423,0
4425,0
4427,0
4429,0
4431,0
4433,0
4435,0
4437,0
4439,0
4441,4
4443,4
4445,4
4447,4
4449,4
4451,4
4453,4
4455,4
4457,4
4459,4
4461,4
4463,4
4465,4
4467,4
4469,4
4471,4
4473,4
4475,4
4477,4
4479,4
4481,4
4483,4
4485,4
4487,4
4489,4
4491,4
4493,0
4495,0
4497,0
4499,0
4501,0
4503,0
4505,0
4507,0
4509,0
4511,0
4513,0
4515,0
4517,0
4519,0
4521,0
4523,0
4525,0
4527,0
4529,0
4531,0
4533,0
4535,0
4537,0
4539,0
4541,0
4543,0
4545,0
4547,0
4549,0
4551,0
4553,0
4555,0
4557,0
4559,0
4561,0
4563,4
4565,4
4567,4
4569,4
4571,4
4573,4
4575,4
4577,4
4579,4
4581,4
4583,4
4585,4
4587,4
4589,4
4591,4
4593,4
4595,4
4597,4
4599,4
4601,4
4603,4
4605,4
4607,4
4609,4
4611,4
4613,4
4615,0
4617,0
4619,0
4621,0
4623,0
4625,0
4627,0
4629,0
4631,0
4633,0
4635,0
4637,0
4639,0
4641,0
4643,0
4645,0
4647,0
4649,0
4651,0
4653,0
4655,0
4657,0
4659,0
4661,0
4663,0
4665,0
4667,0
4669,0
4671,0
4673,0
4675,0
4677,0
4679,0
4681,4
4683,4
4685,4
4687,4
4689,4
4691,4
4693,4
4695,4
4697,4
4699,4
4701,4
4703,4
4705,4
4707,4
4709,4
4711,4
4713,4
4715,4
4717,4
4719,4
4721,4
4723,4
4725,4
4727,4
4729,4
4731,4
4733,0
4735,0
4737,0
4739,0
4741,0
4743,0
4745,0
4747,0
4749,0
4751,0
4753,0
4755,0
4757,0
4759,0
4761,0
4763,0
4765,0
4767,0
4769,0
4771,0
4773,0
4775,0
4777,0
4779,0
4781,0
4783,0
4785,0
4787,0
4789,0
4791,0
4793,0
4795,0
4797,0
4799,0
4801,0
4803,0
4805,0
4807,0
4809,0
4811,0
4813,0
4815,0
4817,0
4819,0
4821,0
4823,0
4825,0
4827,0
4829,0
4831,0
4833,0
4835,0
4837,0
4839,0
4841,0
4843,0
4845,0
4847,0
4849,0
4851,0
4853,0
4855,0
4857,0
4859,0
4861,0
4863,0
4865,0
4867,0
4869,0
4871,0
4873,0
4875,0
4877,0
4879,0
4881,0
4883,0
4885,0
4887,0
4889,0
4891,0
4893,0
4895,0
4897,0
4899,0
4901,0
4903,0
4905,0
4907,0
4909,0
4911,0
4913,0
4915,0
4917,0
4919,0
4921,0
4923,0
4925,0
4927,0
4929,0
4931,0
4933,0
4935,0
4937,0
4939,0
4941,0
4943,0
4945,0
4947,0
4949,0
4951,0
4953,0
4955,0
4957,0
4959,0
4961,0
4963,0
4965,0
4967,0
4969,0
4971,0
4973,0
4975,0
4977,0
4979,0
4981,0
4983,0
4985,0
4987,0
4989,0
4991,0
4993,0
4995,0
4997,0
4999,0
5001,0
5003,0
5005,0
5007,0
5009,0
5011,0
5013,0
5015,0
5017,0
5019,0
5021,0
5023,0
5025,0
5027,0
5029,0
5031,0
5033,0
5035,0
5037,0
5039,0
5041,0
5043,0
5045,0
5047,0
5049,0
5051,0
5053,0
5055,0
5057,0
5059,0
5061,0
5063,0
5065,0
5067,0
5069,0
5071,0
5073,0
5075,0
5077,0
5079,0
5081,0
5083,0
5085,0
5087,0
5089,0
5091,0
5093,0
5095,0
5097,0
5099,0
5101,0
5103,0
5105,0
5107,0
5109,0
5111,0
5113,0
5115,0
5117,0
5119,0
5121,0
5123,0
5125,0
5127,0
5129,0
5131,0
5133,0
5135,0
5137,0
5139,0
5141,0
5143,0
5145,0
5147,0
5149,0
5151,0
5153,0
5155,0
5157,0
5159,0
5161,0
5163,0
5165,0
5167,0
5169,0
5171,0
5173,0
5175,0
5177,0
5179,0
5181,0
5183,0
5185,0
5187,0
5189,0
5191,0
5193,0
5195,0
5197,0
5199,0
5201,0
5203,0
5205,0
5207,0
5209,0
5211,0
5213,0
5215,0
5217,0
5219,0
5221,0
5223,0
5225,4
5227,4
5229,4
5231,4
5233,4
5235,4
5237,4
5239,4
5241,4
5243,4
5245,4
5247,4
5249,4
5251,4
5253,4
5255,4
5257,4
5259,4
5261,4
5263,4
5265,4
5267,4
5269,4
5271,4
5273,4
5275,4
5277,0
5279,0
5281,0
5283,0
5285,0
5287,0
5289,0
5291,0
5293,0
5295,0
5297,0
5299,0
5301,0
5303,0
5305,0
5307,0
5309,0
5311,0
5313,0
5315,0
5317,0
5319,4
5321,4
5323,4
5325,4
5327,4
5329,4
5331,4
5333,4
5335,4
5337,4
5339,4
5341,4
5343,4
5345,4
5347,4
5349,4
5351,4
5353,4
5355,4
5357,4
5359,4
5361,4
5363,4
5365,4
5367,4
5369,4
5371,0
5373,0
5375,0
5377,0
5379,0
5381,0
5383,0
5385,0
5387,0
5389,0
5391,0
5393,0
5395,0
5397,0
5399,0
5401,0
5403,0
5405,0
5407,0
5409,0
5411,0
5413,0
5415,0
5417,0
5419,0
5421,0
5423,0
5425,0
5427,0
5429,4
5431,4
5433,4
5435,4
5437,4
5439,4
5441,4
5443,4
5445,4
5447,4
5449,4
5451,4
5453,4
5455,4
5457,4
5459,4
5461,4
5463,4
5465,4
5467,4
5469,4
5471,4
5473,4
5475,4
5477,4
5479,4
5481,0
5483,0
5485,0
5487,0
5489,0
5491,0
5493,0
5495,0
5497,0
5499,0
5501,0
5503,0
5505,0
5507,0
5509,0
5511,0
5513,0
5515,0
5517,0
5519,0
5521,0
5523,0
5525,0
5527,0
5529,0
5531,0
5533,4
5535,4
5537,4
5539,4
5541,4
5543,4
5545,4
5547,4
5549,4
5551,4
5553,4
5555,4
5557,4
5559,4
5561,4
5563,4
5565,4
5567,4
5569,4
5571,4
5573,4
5575,4
5577,4
5579,4
5581,4
5583,4
5585,0
5587,0
5589,0
5591,0
5593,0
5595,0
5597,0
5599,0
5601,0
5603,0
5605,0
5607,0
5609,0
5611,0
5613,0
5615,0
5617,0
5619,0
5621,0
5623,0
5625,0
5627,0
5629,0
5631,0
5633,0
5635,0
5637,0
5639,0
5641,0
5643,0
5645,0
5647,0
5649,0
5651,4
5653,4
5655,4
5657,4
5659,4
5661,4
5663,4
5665,4
5667,4
5669,4
5671,4
5673,4
5675,4
5677,4
5679,4
5681,4
5683,4
5685,4
5687,4
5689,4
5691,4
5693,4
5695,4
5697,4
5699,4
5701,4
5703,0
5705,0
5707,0
5709,0
5711,0
5713,0
5715,0
5717,0
5719,0
5721,0
5723,0
5725,0
5727,0
5729,0
5731,0
5733,0
5735,0
5737,0
5739,0
5741,0
5743,0
5745,0
5747,0
5749,0
5751,0
5753,0
5755,0
5757,4
5759,4
5761,4
5763,4
5765,4
5767,4
5769,4
5771,4
5773,4
5775,4
5777,4
5779,4
5781,4
5783,4
5785,4
5787,4
5789,4
5791,4
5793,4
5795,4
5797,4
5799,4
5801,4
5803,4
5805,4
5807,4
5809,0
5811,0
5813,0
5815,0
5817,0
5819,0
5821,0
5823,0
5825,0
5827,0
5829,0
5831,0
5833,0
5835,0
5837,0
5839,0
5841,0
5843,0
5845,0
5847,0
5849,0
5851,0
5853,0
5855,0
5857,0
5859,0
5861,0
5863,0
5865,0
5867,0
5869,0
5871,4
5873,4
5875,4
5877,4
5879,4
5881,4
5883,4
5885,4
5887,4
5889,4
5891,4
5893,4
5895,4
5897,4
5899,4
5901,4
5903,4
5905,4
5907,4
5909,4
5911,4
5913,4
5915,4
5917,4
5919,4
5921,4
5923,0
5925,0
5927,0
5929,0
5931,0
5933,0
5935,0
5937,0
5939,0
5941,0
5943,0
5945,0
5947,0
5949,0
5951,0
5953,0
5955,0
5957,0
5959,0
5961,0
5963,0
5965,0
5967,0
5969,0
5971,0
5973,0
5975,0
5977,0
5979,0
5981,0
5983,0
5985,0
5987,0
5989,0
5991,0
5993,0
5995,0
5997,0
5999,0
6001,0
6003,0
6005,0
6007,0
6009,0
6011,0
6013,0
6015,0
6017,0
6019,0
6021,0
6023,0
6025,0
6027,0
6029,0
6031,0
6033,0
6035,0
6037,0
6039,0
6041,0
6043,0
6045,0
6047,0
6049,0
6051,0
6053,0
6055,0
6057,0
6059,0
6061,0
6063,0
6065,0
6067,0
6069,0
6071,0
6073,0
6075,0
6077,0
6079,0
6081,0
6083,0
6085,0
6087,0
6089,0
6091,0
6093,0
6095,0
6097,0
6099,0
6101,4
6103,4
6105,4
6107,4
6109,4
6111,4
6113,4
6115,4
6117,4
6119,4
6121,4
6123,4
6125,4
6127,4
6129,4
6131,4
6133,4
6135,4
6137,4
6139,4
6141,4
6143,4
6145,4
6147,4
6149,4
6151,4
6153,0
6155,0
6157,0
6159,0
6161,0
6163,0
6165,0
6167,0
6169,0
6171,0
6173,0
6175,0
6177,0
6179,0
6181,0
6183,0
6185,0
6187,0
6189,0
6191,0
6193,0
6195,0
6197,0
6199,0
6201,0
6203,0
6205,0
6207,0
6209,0
6211,0
6213,0
6215,0
6217,0
6219,0
6221,0
6223,0
6225,0
6227,0
6229,0
6231,0
6233,4
6235,4
6237,4
6239,4
6241,4
6243,4
6245,4
6247,4
6249,4
6251,4
6253,4
6255,4
6257,4
6259,4
6261,4
6263,4
6265,4
6267,4
6269,4
6271,4
6273,4
6275,4
6277,4
6279,4
6281,4
6283,4
6285,0
6287,0
6289,0
6291,0
6293,0
6295,0
6297,0
6299,0
6301,0
6303,0
6305,0
6307,0
6309,0
6311,0
6313,0
6315,0
6317,0
6319,0
6321,0
6323,0
6325,0
6327,0
6329,0
6331,0
6333,0
6335,0
6337,0
6339,0
6341,0
6343,0
6345,0
6347,0
6349,0
6351,0
6353,0
6355,0
6357,0
6359,4
6361,4
6363,4
6365,4
6367,4
6369,4
6371,4
6373,4
6375,4
6377,4
6379,4
6381,4
6383,4
6385,4
6387,4
6389,4
6391,4
6393,4
6395,4
6397,4
6399,4
6401,4
6403,4
6405,4
6407,4
6409,4
6411,0
6413,0
6415,0
6417,0
6419,0
6421,0
6423,0
6425,0
6427,0
6429,0
6431,0
6433,0
6435,0
6437,0
6439,0
6441,0
6443,0
6445,0
6447,0
6449,0
6451,0
6453,0
6455,0
6457,0
6459,0
6461,0
6463,0
6465,0
6467,0
6469,0
6471,0
6473,0
6475,0
6477,0
6479,0
6481,0
6483,4
6485,4
6487,4
6489,4
6491,4
6493,4
6495,4
6497,4
6499,4
6501,4
6503,4
6505,4
6507,4
6509,4
6511,4
6513,4
6515,4
6517,4
6519,4
6521,4
6523,4
6525,4
6527,4
6529,4
6531,4
6533,4
6535,0
6537,0
6539,0
6541,0
6543,0
6545,0
6547,0
6549,0
6551,0
6553,0
6555,0
6557,0
6559,0
6561,0
6563,0
6565,0
6567,0
6569,0
6571,0
6573,0
6575,0
6577,0
6579,0
6581,0
6583,0
6585,0
6587,0
6589,0
6591,0
6593,0
6595,0
6597,0
6599,0
6601,0
6603,0
6605,0
6607,4
6609,4
6611,4
6613,4
6615,4
6617,4
6619,4
6621,4
6623,4
6625,4
6627,4
6629,4
6631,4
6633,4
6635,4
6637,4
6639,4
6641,4
6643,4
6645,4
6647,4
6649,4
6651,4
6653,4
6655,4
6657,4
6659,0
6661,0
6663,0
6665,0
6667,0
6669,0
6671,0
6673,0
6675,0
6677,0
6679,0
6681,0
6683,0
6685,0
6687,0
6689,0
6691,0
6693,0
6695,0
6697,0
6699,0
6701,0
6703,0
6705,0
6707,0
6709,0
6711,4
6713,4
6715,4
6717,4
6719,4
6721,4
6723,4
6725,4
6727,4
6729,4
6731,4
6733,4
6735,4
6737,4
6739,4
6741,4
6743,4
6745,4
6747,4
6749,4
6751,4
6753,4
6755,4
6757,4
6759,4
6761,4
6763,0
6765,0
6767,0
6769,0
6771,0
6773,0
6775,0
6777,0
6779,0
6781,0
6783,0
6785,0
6787,0
6789,0
6791,0
6793,0
6795,0
6797,0
6799,0
6801,0
6803,0
6805,0
6807,0
6809,0
6811,0
6813,0
6815,0
6817,0
6819,0
6821,0
6823,0
6825,0
6827,0
6829,0
6831,0
6833,0
6835,0
6837,0
6839,0
6841,0
6843,4
6845,4
6847,4
6849,4
6851,4
6853,4
6855,4
6857,4
6859,4
6861,4
6863,4
6865,4
6867,4
6869,4
6871,4
6873,4
6875,4
6877,4
6879,4
6881,4
6883,4
6885,4
6887,4
6889,4
6891,4
6893,4
6895,0
6897,0
6899,0
6901,0
6903,0
6905,0
6907,0
6909,0
6911,0
6913,0
6915,0
6917,0
6919,0
6921,0
6923,0
6925,0
6927,0
6929,0
6931,0
6933,0
6935,0
6937,0
6939,4
6941,4
6943,4
6945,4
6947,4
6949,4
6951,4
6953,4
6955,4
6957,4
6959,4
6961,4
6963,4
6965,4
6967,4
6969,4
6971,4
6973,4
6975,4
6977,4
6979,4
6981,4
6983,4
6985,4
6987,4
6989,4
6991,0
6993,0
6995,0
6997,0
6999,0
7001,0
7003,0
7005,0
7007,0
7009,0
7011,0
7013,0
7015,0
7017,0
7019,0
7021,0
7023,0
7025,0
7027,0
7029,0
7031,0
7033,0
7035,0
7037,0
7039,0
7041,0
7043,0
7045,0
7047,0
7049,0
7051,0
7053,0
7055,4
7057,4
7059,4
7061,4
7063,4
7065,4
7067,4
7069,4
7071,4
7073,4
7075,4
7077,4
7079,4
7081,4
7083,4
7085,4
7087,4
7089,4
7091,4
7093,4
7095,4
7097,4
7099,4
7101,4
7103,4
7105,4
7107,0
7109,0
7111,0
7113,0
7115,0
7117,0
7119,0
7121,0
7123,0
7125,0
7127,0
7129,0
7131,0
7133,0
7135,0
7137,0
7139,0
7141,0
7143,0
7145,0
7147,0
7149,0
7151,0
7153,0
7155,0
7157,0
7159,0
7161,0
7163,0
7165,0
7167,0
7169,0
7171,0
7173,0
7175,0
7177,0
7179,0
7181,0
7183,0
7185,0
7187,0
7189,0
7191,0
7193,0
7195,0
7197,0
7199,0
7201,0
7203,0
7205,0
7207,0
7209,0
7211,0
7213,0
7215,0
7217,0
7219,0
7221,0
7223,0
7225,0
7227,0
7229,0
7231,0
7233,0
7235,0
7237,0
7239,0
7241,0
7243,0
7245,0
7247,0
7249,0
7251,0
7253,0
7255,0
7257,0
7259,0
7261,0
7263,0
7265,0
7267,0
7269,0
7271,0
7273,0
7275,0
7277,0
7279,0
7281,0
7283,0
7285,0
7287,0
7289,0
7291,0
7293,0
7295,0
7297,0
7299,0
7301,0
7303,0
7305,0
7307,0
7309,0
7311,0
7313,0
7315,0
7317,0
7319,0
7321,0
7323,0
7325,0
7327,0
7329,0
7331,0
7333,0
7335,0
7337,0
7339,0
7341,0
7343,0
7345,0
7347,0
7349,0
7351,0
7353,0
7355,0
7357,0
7359,0
7361,0
7363,0
7365,0
7367,0
7369,0
7371,0
7373,0
7375,0
7377,0
7379,0
7381,0
7383,0
7385,0
7387,0
7389,0
7391,0
7393,0
7395,0
7397,0
7399,0
7401,0
7403,0
7405,0
7407,4
7409,4
7411,4
7413,4
7415,4
7417,4
7419,4
7421,4
7423,4
7425,4
7427,4
7429,4
7431,4
7433,4
7435,4
7437,4
7439,4
7441,4
7443,4
7445,4
7447,4
7449,4
7451,4
7453,4
7455,4
7457,4
7459,0
7461,0
7463,0
7465,0
7467,0
7469,0
7471,0
7473,0
7475,0
7477,0
7479,0
7481,0
7483,0
7485,0
7487,0
7489,0
7491,0
7493,0
7495,0
7497,0
7499,0
7501,0
7503,0
7505,0
7507,0
7509,0
7511,4
7513,4
7515,4
7517,4
7519,4
7521,4
7523,4
7525,4
7527,4
7529,4
7531,4
7533,4
7535,4
7537,4
7539,4
7541,4
7543,4
7545,4
7547,4
7549,4
7551,4
7553,4
7555,4
7557,4
7559,4
7561,4
7563,0
7565,0
7567,0
7569,0
7571,0
7573,0
7575,0
7577,0
7579,0
7581,0
7583,0
7585,0
7587,0
7589,0
7591,0
7593,0
7595,0
7597,0
7599,0
7601,0
7603,0
7605,0
7607,0
7609,0
7611,0
7613,0
7615,0
7617,4
7619,4
7621,4
7623,4
7625,4
7627,4
7629,4
7631,4
7633,4
7635,4
7637,4
7639,4
7641,4
7643,4
7645,4
7647,4
7649,4
7651,4
7653,4
7655,4
7657,4
7659,4
7661,4
7663,4
7665,4
7667,4
7669,0
7671,0
7673,0
7675,0
7677,0
7679,0
7681,0
7683,0
7685,0
7687,0
7689,0
7691,0
7693,0
7695,4
7697,4
7699,4
7701,4
7703,4
7705,4
7707,4
7709,4
7711,4
7713,4
7715,4
7717,4
7719,4
7721,4
7723,4
7725,4
7727,4
7729,4
7731,4
7733,4
7735,4
7737,4
7739,4
7741,4
7743,4
7745,4
7747,0
7749,0
7751,0
7753,0
7755,0
7757,0
7759,0
7761,0
7763,0
7765,0
7767,0
7769,0
7771,0
7773,0
7775,0
7777,0
7779,0
7781,0
7783,0
7785,0
7787,0
7789,0
7791,0
7793,0
7795,0
7797,0
7799,4
7801,4
7803,4
7805,4
7807,4
7809,4
7811,4
7813,4
7815,4
7817,4
7819,4
7821,4
7823,4
7825,4
7827,4
7829,4
7831,4
7833,4
7835,4
7837,4
7839,4
7841,4
7843,4
7845,4
7847,4
7849,4
7851,0
7853,0
7855,0
7857,0
7859,0
7861,0
7863,0
7865,0
7867,0
7869,0
7871,0
7873,0
7875,0
7877,0
7879,0
7881,0
7883,0
7885,0
7887,0
7889,0
7891,0
7893,0
7895,0
7897,0
7899,0
7901,4
7903,4
7905,4
7907,4
7909,4
7911,4
7913,4
7915,4
7917,4
7919,4
7921,4
7923,4
7925,4
7927,4
7929,4
7931,4
7933,4
7935,4
7937,4
7939,4
7941,4
7943,4
7945,4
7947,4
7949,4
7951,4
7953,0
7955,0
7957,0
7959,0
7961,0
7963,0
7965,0
7967,0
7969,0
7971,0
7973,0
7975,0
7977,0
7979,0
7981,0
7983,0
7985,0
7987,0
7989,0
7991,0
7993,0
7995,0
7997,0
7999,0
8001,0
8003,0
8005,0
8007,0
8009,0
8011,4
8013,4
8015,4
8017,4
8019,4
8021,4
8023,4
8025,4
8027,4
8029,4
8031,4
8033,4
8035,4
8037,4
8039,4
8041,4
8043,4
8045,4
8047,4
8049,4
8051,4
8053,4
8055,4
8057,4
8059,4
8061,4
8063,0
8065,0
8067,0
8069,0
8071,0
8073,0
8075,0
8077,0
8079,0
8081,0
8083,0
8085,0
8087,0
8089,0
8091,0
8093,0
8095,0
8097,0
8099,0
8101,0
8103,0
8105,0
8107,0
8109,0
8111,0
8113,0
8115,0
8117,0
8119,4
8121,4
8123,4
8125,4
8127,4
8129,4
8131,4
8133,4
8135,4
8137,4
8139,4
8141,4
8143,4
8145,4
8147,4
8149,4
8151,4
8153,4
8155,4
8157,4
8159,4
8161,4
8163,4
8165,4
8167,4
8169,4
8171,0
8173,0
8175,0
8177,0
8179,0
8181,0
8183,0
8185,0
8187,0
8189,0
8191,0
8193,0
8195,0
8197,0
8199,0
8201,0
8203,0
8205,0
8207,0
8209,0
8211,0
8213,0
8215,4
8217,4
8219,4
8221,4
8223,4
8225,4
8227,4
8229,4
8231,4
8233,4
8235,4
8237,4
8239,4
8241,4
8243,4
8245,4
8247,4
8249,4
8251,4
8253,4
8255,4
8257,4
8259,4
8261,4
8263,4
8265,4
8267,0
8269,0
8271,0
8273,0
8275,0
8277,0
8279,0
8281,0
8283,0
8285,0
8287,0
8289,0
8291,0
8293,0
8295,0
8297,0
8299,0
8301,0
8303,0
8305,0
8307,0
8309,0
8311,4
8313,4
8315,4
8317,4
8319,4
8321,4
8323,4
8325,4
8327,4
8329,4
8331,4
8333,4
8335,4
8337,4
8339,4
8341,4
8343,4
8345,4
8347,4
8349,4
8351,4
8353,4
8355,4
8357,4
8359,4
8361,4
8363,0
8365,0
8367,0
8369,0
8371,0
8373,0
8375,0
8377,0
8379,0
8381,0
8383,0
8385,0
8387,0
8389,0
8391,0
8393,0
8395,0
8397,0
8399,4
8401,4
8403,4
8405,4
8407,4
8409,4
8411,4
8413,4
8415,4
8417,4
8419,4
8421,4
8423,4
8425,4
8427,4
8429,4
8431,4
8433,4
8435,4
8437,4
8439,4
8441,4
8443,4
8445,4
8447,4
8449,4
8451,0
8453,0
8455,0
8457,0
8459,0
8461,0
8463,0
8465,0
8467,0
8469,0
8471,0
8473,0
8475,0
8477,0
8479,0
8481,0
8483,0
8485,0
8487,0
8489,0
8491,0
8493,0
8495,0
8497,0
8499,0
8501,0
8503,4
8505,4
8507,4
8509,4
8511,4
8513,4
8515,4
8517,4
8519,4
8521,4
8523,4
8525,4
8527,4
8529,4
8531,4
8533,4
8535,4
8537,4
8539,4
8541,4
8543,4
8545,4
8547,4
8549,4
8551,4
8553,4
8555,0
8557,0
8559,0
8561,0
8563,0
8565,0
8567,0
8569,0
8571,0
8573,0
8575,0
8577,0
8579,0
8581,0
8583,0
8585,0
8587,0
8589,0
8591,0
8593,0
8595,0
8597,0
8599,0
8601,0
8603,0
8605,0
8607,0
8609,0
8611,0
8613,0
8615,0
8617,0
8619,0
8621,4
8623,4
8625,4
8627,4
8629,4
8631,4
8633,4
8635,4
8637,4
8639,4
8641,4
8643,4
8645,4
8647,4
8649,4
8651,4
8653,4
8655,4
8657,4
8659,4
8661,4
8663,4
8665,4
8667,4
8669,4
8671,4
8673,0
8675,0
8677,0
8679,0
8681,0
8683,0
8685,0
8687,0
8689,0
8691,0
8693,0
8695,0
8697,0
8699,0
8701,0
8703,0
8705,0
8707,0
8709,0
8711,0
8713,0
8715,0
8717,0
8719,4
8721,4
8723,4
8725,4
8727,4
8729,4
8731,4
8733,4
8735,4
8737,4
8739,4
8741,4
8743,4
8745,4
8747,4
8749,4
8751,4
8753,4
8755,4
8757,4
8759,4
8761,4
8763,4
8765,4
8767,4
8769,4
8771,0
8773,0
8775,0
8777,0
8779,0
8781,0
8783,0
8785,0
8787,0
8789,0
8791,0
8793,0
8795,0
8797,0
8799,0
8801,0
8803,0
8805,4
8807,4
8809,4
8811,4
8813,4
8815,4
8817,4
8819,4
8821,4
8823,4
8825,4
8827,4
8829,4
8831,4
8833,4
8835,4
8837,4
8839,4
8841,4
8843,4
8845,4
8847,4
8849,4
8851,4
8853,4
8855,4
8857,0
8859,0
8861,0
8863,0
8865,0
8867,0
8869,0
8871,0
8873,0
8875,0
8877,0
8879,0
8881,0
8883,0
8885,0
8887,0
8889,0
8891,0
8893,0
8895,0
8897,0
8899,0
8901,0
8903,0
8905,0
8907,0
8909,0
8911,0
8913,0
8915,0
8917,0
8919,0
8921,0
8923,0
8925,0
8927,0
8929,0
8931,0
8933,0
8935,0
8937,4
8939,4
8941,4
8943,4
8945,4
8947,4
8949,4
8951,4
8953,4
8955,4
8957,4
8959,4
8961,4
8963,4
8965,4
8967,4
8969,4
8971,4
8973,4
8975,4
8977,4
8979,4
8981,4
8983,4
8985,4
8987,4
8989,0
8991,0
8993,0
8995,0
8997,0
8999,0
9001,0
9003,0
9005,0
9007,0
9009,0
9011,0
9013,0
9015,0
9017,0
9019,0
9021,0
9023,0
9025,0
9027,0
9029,0
9031,0
9033,4
9035,4
9037,4
9039,4
9041,4
9043,4
9045,4
9047,4
9049,4
9051,4
9053,4
9055,4
9057,4
9059,4
9061,4
9063,4
9065,4
9067,4
9069,4
9071,4
9073,4
9075,4
9077,4
9079,4
9081,4
9083,4
9085,0
9087,0
9089,0
9091,0
9093,0
9095,0
9097,0
9099,0
9101,0
9103,0
9105,0
9107,0
9109,0
9111,0
9113,0
9115,0
9117,0
9119,0
9121,0
9123,0
9125,0
9127,0
9129,0
9131,0
9133,0
9135,0
9137,0
9139,4
9141,4
9143,4
9145,4
9147,4
9149,4
9151,4
9153,4
9155,4
9157,4
9159,4
9161,4
9163,4
9165,4
9167,4
9169,4
9171,4
9173,4
9175,4
9177,4
9179,4
9181,4
9183,4
9185,4
9187,4
9189,4
9191,0
9193,0
9195,0
9197,0
9199,0
9201,0
9203,0
9205,0
9207,0
9209,0
9211,0
9213,0
9215,0
9217,0
9219,0
9221,0
9223,0
9225,0
9227,0
9229,0
9231,0
9233,0
9235,0
9237,0
9239,0
9241,0
9243,0
9245,0
9247,0
9249,0
9251,0
9253,0
9255,0
9257,0
9259,4
9261,4
9263,4
9265,4
9267,4
9269,4
9271,4
9273,4
9275,4
9277,4
9279,4
9281,4
9283,4
9285,4
9287,4
9289,4
9291,4
9293,4
9295,4
9297,4
9299,4
9301,4
9303,4
9305,4
9307,4
9309,4
9311,0
9313,0
9315,0
9317,0
9319,0
9321,0
9323,0
9325,0
9327,0
9329,0
9331,0
9333,0
9335,0
9337,0
9339,0
9341,0
9343,0
9345,0
9347,0
9349,0
9351,0
9353,0
9355,0
9357,0
9359,0
9361,0
9363,0
9365,0
9367,0
9369,0
9371,0
9373,0
9375,0
9377,0
9379,0
9381,0
9383,0
9385,0
9387,0
9389,0
9391,0
9393,0
9395,0
9397,0
9399,0
9401,0
9403,0
9405,0
9407,0
9409,0
9411,0
9413,0
9415,0
9417,0
9419,0
9421,0
9423,0
9425,0
9427,0
9429,0
9431,0
9433,0
9435,0
9437,0
9439,0
9441,0
9443,0
9445,0
9447,0
9449,0
9451,0
9453,0
9455,0
9457,0
9459,0
9461,0
9463,0
9465,0
9467,0
9469,0
9471,0
9473,0
9475,0
9477,0
9479,0
9481,0
9483,0
9485,0
9487,0
9489,0
9491,0
9493,0
9495,0
9497,0
9499,0
9501,0
9503,0
9505,0
9507,0
9509,0
9511,0
9513,0
9515,0
9517,0
9519,0
9521,0
9523,0
9525,0
9527,0
9529,0
9531,0
9533,0
9535,0
9537,0
9539,0
9541,0
9543,0
9545,0
9547,0
9549,0
9551,0
9553,0
9555,0
9557,0
9559,0
9561,0
9563,0
9565,0
9567,0
9569,0
9571,0
9573,0
9575,0
9577,0
9579,0
9581,0
9583,0
9585,0
9587,0
9589,0
9591,0
9593,0
9595,0
9597,0
9599,0
9601,0
9603,0
9605,0
9607,0
9609,0
9611,0
9613,0
9615,0
9617,0
9619,0
9621,0
9623,0
9625,0
9627,0
9629,0
9631,0
9633,0
9635,0
9637,0
9639,0
9641,0
9643,0
9645,0
9647,0
9649,0
9651,0
9653,0
9655,0
9657,0
9659,0
9661,0
9663,0
9665,0
9667,0
9669,0
9671,0
9673,0
9675,0
9677,0
9679,0
9681,0
9683,0
9685,0
9687,0
9689,0
9691,0
9693,0
9695,0
9697,0
9699,0
9701,0
9703,0
9705,0
9707,0
9709,0
9711,0
9713,0
9715,0
9717,0
9719,0
9721,0
9723,0
9725,0
9727,0
9729,0
9731,0
9733,0
9735,0
9737,0
9739,0
9741,0
9743,0
9745,0
9747,0
9749,0
9751,0
9753,0
9755,0
9757,0
9759,0
9761,0
9763,0
9765,0
9767,0
9769,0
9771,0
9773,0
9775,0
9777,0
9779,0
9781,0
9783,0
9785,0
9787,0
9789,0
9791,0
9793,0
9795,0
9797,0
9799,0
9801,0
9803,0
9805,0
9807,0
9809,0
9811,0
9813,0
9815,0
9817,0
9819,0
9821,0
9823,0
9825,0
9827,0
9829,0
9831,0
9833,0
9835,0
9837,0
9839,0
9841,0
9843,0
9845,0
9847,0
9849,0
9851,0
9853,0
9855,0
9857,0
9859,0
9861,0
9863,0
9865,0
9867,0
9869,0
9871,0
9873,0
9875,0
9877,0
9879,0
